id_lettera;testo
id_lettera;test
KBR_ms.III.1635_001;r molt illustr signor intes fort bleric capit bernab barbon rest cos poc gent senz polv senz viver giorn giorn seben persuad poss esser signor poic sa convien ricord avr rimed poss perc lasc avvert s reput pu succed convenient manier dic onde preg vol inform ben occorr particol cos dar ordin cos espress manc perc sold poss viv qualc munizion riserv polv necessar medesim effett scriv caval cigogn assist convien confid quand poss far avvis pi volentier dar ordin s abbandon smantell correr risic ricever qualc dann diminu reput aspett rispost rest preg signor cons signor pu brusselles marz signor servit alessandr farnes cont carl v molt illustr signor signor cont carl mansfelt
KBR_ms.III.1635_002;r molt illustr signor trovom due lett signor de’ dipo l’altr de’ portatam giovan francesc
KBR_ms.III.1635_003;r dupplic hier tard riceve signor de’ scritt ser nott l’altr cifr mattin sent può persuad fastid travagl ch’el trov caus appunt seben trincuart dic haver mand huomin ordin bastant manc pan quotid ordin part stess
KBR_ms.III.1635_004;r molt illustr signor hier don alons de leiv scriss signor manda confer occorr ser poi comparver lett monsignor de haultepenn qual avvis lev dall’assed nuys grav doman qual avvis già hav stival pied caric bagagl cas andar ser malines prosegu inanz viagg – essendom capit dua hor fa l’altr signor de’ nuov retir nemic – soprassed pens d’attender diligent convien preparation dissegn incammin tant prim cos dat ordin gent d’anvers soprassed partenz n’ess tant bisogn potr serv scolt present cos fratant ringrat signor diligent usat avvis pass m’occorr sol ricord proccur conserv post evit possibil entri vettovagl nè gent piazz ven monsignor de haultepenn stat molt ppropos saran cos oblighin contrar conven gent dall’altr part rivier doverr hav form sustent fin distrugg total part qua difficult dissegn poic cavaller assa potr commissar general retir compagn andat sec lor presid ordinar man scolt cos qua pot occorr tal occasion potr rimand qua cavall dell’antiglier aspett avvis quel man man succed lasc dar tutt frett possibil partenz fin preg signor guard signor può brusselles a’ magg servit devotissim alessandr farnes cont carl v molt illustr signor signor cont carl mansfelt receu reec de mai ’
KBR_ms.III.1635_005;r molt illustr signor ritorn don alons de leiv ven giovan francesc letter signor de’ rest avvis pass poic arriv l’official thessor denar trincuart form sustent gent
KBR_ms.III.1635_006;r molt illustr signor letter signor de hier vist par circ l’occup conserv post necessar quartier terz vecc m’è pars benissim consider conform ordin commissar general vad visit dett post – molt ben riconosciutol – effettu troverr conven pariment vist scriv circ paesan guastator poic fugg manier signif molt propos stat l’haver ordin scotett provision dinar appunt vec essi guastator
KBR_ms.III.1635_007;r molt illustr signor signor de mattin rest avvis termin rest pont quel pars farm intend intorn m’occorr dirl rispost maravigl molt soldatesc particolar nation spagnol abbandon manier signif band poic monition manc soccors va dand maggior assistent può essi poss rimed simil ’nconvenient poter tener gent maggior disciplin signor intend sergent maggior qualsivogl nation ciascun relation verdader firm man sold effettival serv present ciascun compagn lor terz regg me portin qui poter dar l’ordin convien soccors dar sub tal effett scriv maggior camp proccurin tratten sold insiem permettin sband intant ordin alli official aleman ven qui dia qualc aiut poss rimed necess lor gent pariment dat ordin ’l mezz canon bleric condutt cost prim potr ordin contador dell’artiglier facc dar commissar general cavall necessar condurl poic tant prest arriv circ altri punt dirl quind rest preg signor cons prosper molt illustr person signor desider gemmer a’ magg mutation dell quartier già rispost signor cont padr mand letter todeschin occorr
KBR_ms.III.987_001;r illustrissim signor l’istess consideration han moss signor rallegr mec promotion don duart figl cardinal congiunt part tocc ogni interess cas confidt bont amorevolezz sì rend assicur consolation signif hav sent cos ponn certific signor gratitudin obblig riconosc me affettu offit qual rend grat dev particol negot recension ven ritorn varisin soggiung signor me continu medesim prontezz volunt impieg ogn’altr occasion satisfattion servit dell’illustrissim person cas signor cons prosper brusselles a’ april signor illustrissim servit alessandr farnes
AGR_Audience2152-4_001;r illustrissim signor invi eccellt capit torqu terz particip eccellt pass stat lill pag piacchigl supplic humil eccellt rest serv darl cred rapresent nom eccellt fo humilissim rivert d’armentiers magg eccellt humilissim devotissim obligatissim servitor carl camp
AGR_Audience2152-4_003;r serenissim signor parl matin magistr vill allog reliqu dell tre terz italian cos dett arriv recever far allog barac per poi tocant darl qualc subsistt far mentr altezz ordin farl man comun quatr baliu des hauts justiciers pertant altezz serenissim sii serv invi ordin vill altro quatr baliu dell stat affin man comun vogl asist tre quatr piac giorn gent altriment alcanzarem cos alcun invi l’assed arras charr paes poi cinquant altri monition quas cavall pers licent dich altre provenc gran spes paes cos supplic altezz serenissim rest serv vol rimand altezz serenissim bisogn quand l’ordin invier sub quantit altezz serenissim desider fin humil inchin profondissim rivert lill l’ultim agost altezz serenissim humilissim obedientissim fedelissim servitor carl camp
AGR_Audience244-F_001;r illustr signor dell’ultim pass viv relation capit giul grimald prim altra via rest inform pien diligent valor terz s’è adoper l’acquist fort contr nimeghen nell’espugnation quel’altr castell
AGR_Audience257-BIS_001;r illustr signor stat gratissim avis signor m’ha dat dell pass ringrat molt sì anchor amorevolezz sol sudett mostr
AGR_Audience257-BIS_002;r illustr signor l’occasion perd bred altre concern servit maest convien camin sub ’l terz vers anvers tornout camin guid giovann dumont va effett conduc bagagl poic potr esser conveniss star qua qualc giorn havess bisogn campagn manc ferm dett tornout trov signor cont carl mansfelt ordin dov far essequ puntual sol conform confidt teng nell’amorevolezz prudenz valor andrà dar avis man man confid manc rest preg signor cons prosper desider brusselles a’ de marz signor servit alessandr farnes v all’illustr signor signor camill capizucc maestr camp d’infanter italian re signor
AGR_Audience257-BIS_003;r illustrissim reverendissim signor osservandissim poic ’l maestr camp camill capizucc d’ordin vien assistent cotest sant caus tert d’italian forz snerv necessar qua poc incomod risic cos stagion present teng incaric essibitor signor illustrissim occorr ch’i m’allarg essa bac man dupplic quell’affettu testimon continu osserv servit ch’ess capizucc può larg farl nom stim buon grat sincer prontezz disporr – sempr poss – essecution de’ comand onde rimett ala relation esso intorn ciò ala sol strettezz trov danar gent rest bac nuov man signor illustrissim preg signor ogni felic contentezz spa a’ xvii giugn signor illustrissim reverendissim affettionatissim servitor alessandr farnes leg caet v all’illustrissim reverendissim signor osservandissim signor enric caet leg santit parig
AGR_Audience257-BIS_004;r illustr signor istess temp man dell’alfier ventur ricevu dua signor de’ pass esse viv relation intes mot caus d’alcun trist mal intention segu cotest terz pront rimed diligent buon assistent dell capitan offitial magior general tutt honor soldatesc hav applic
AGR_Audience257-BIS_005;r illustr signor signor de’ present rest particip moss signor duc du mayn s’incammin via landresy brev volt quel occors notific benissim nè lasc ogni occasion d’avis man man progress proccur tutt diligent possibil condur gent sicur gionger prim eccellt d’intend ben don anton de cunig va cap gent spagnol nell’occasion combatt tener ben unit compost convien ogni cas anch’ess don anton habb compagn d’archibugier cavall consign due trov appress rest l’altr ten – dic – buon corrispondent intelligent sec accioc cos passin ordinat termin convenient so mediant avert altre diligent sapr usar fratant doverr arriv commendator more ricap sustantial pot giunt rimed necess gent aspett avvis ben fatt raccorr sott cotest terz italian troverrann franc vogl ved troverr qualc quantit dar ordin commissar l’intervent commendator more assent que trov lasc d’haver memor quand compar qualc gent d’ital hor m’occorr altro preg signor guard prosper l’illustr person può spa ali giugn signor servit alessandr farnes maestr camp capizucc v all’illustr signor signor camill capizucc maestr camp d’infanter italian re signor
AGR_Audience257-BIS_006;r molt magnif signor risol cos gent votr carg tutt l’altr hor nuov vien d’ital all’entr paes pigl mostr sapp numer effett d’ess poss dar gl’ordin convenient distribution m’è pars esser negot dell’important servit maest sa dar tal cur offitial contador quel d’alons carner absent esserc anton carner fratell vol avvert giunt incaric l’assist part tal mostr pass rettitudin convien prest cred carg autor dev amorevolezz confid qual carner consign list registr cotest band qualsivogl person port caric conform dell’ordin tal effett ’l port altro present signor cons guard brusselles a’ d’ottobr piacer alessandr farnes capit biag capizucc v molt magnif signor signor biag capizucc capit cavall re signor
AGR_Audience257-BIS_007;r molt magnif signor convien tant servit maest cotest gent conduc s’avanz arriv qua prim dar sè nell’occasion s’andr porg quel segnal sagg ch’i promett valor cos honor soldatesc
AGR_Audience257-BIS_008;r molt magnif signor promett diligent buon ordin condott cotest gent satisfattion dov servit maest ala confidt teng procur sopr ’l procced general ciascun particol convenient disciplin osserv m’è pars per d’incaric nuov giorn tant maggior cur teng man succedin inconvenient viagg anzi gastighin sever par conven disordin verrann notit assicur cotest soldatesc pri trov prontissim favor mer ciascun corrispond accord nell’occasion porg sudett real servit ala buon volunt aspett qua stat svi franc cost molt sold potr facil segu l’istess cotest tropp necessar v’incar espress teng gl’oc apert ala mir maest ric cos notabil deservit cas dal’illustr duc lorrain pass stat fatt instant potr segu tratten là assistent altro effett scus hav tal ordin prosegu camin ordin altro proccur far ogni diligent m’occorr signor guard cons brusselles a’ agost piac alessandr farnes capit biag capozucc v molt magnif signor biag capizuc capit cavall re signor
AGR_Audience257-BIS_009;r molt magnif signor so ben presc v’incarica part qua fatt poi volt incit oltre sol zel servit maest super prestezz diligent qualsivogl occasion difficult caus dilation ala ven arriv qua gent rend cert necessar torn rinfresc memor sollecit davantagg
AGR_Audience257-BIS_010;r molt magnif signor corrier mil m’è stat sped diligent ricev letter pass ved diligent trasfer là hav negot signor duc terranov denar necessar offitial hav dat pass avant vers parm peser rom perch’ qualsivogl dell dett luog m’assicur user diligent tant raccomand conosc convien – sì stagion s’avanz frett dann heret lev – ricord anzi aspett qui inanz avis incamin manier ch’el poss aspett temp s’and pens senz manc intes signor duc terranov hav ancor ordin maest cont lev poi maest me scriv arriv ancorc proced eccellt tant zel tocc servit maest mostr me tant volunt favor sper causar manc alcun seben m’assicur signor cont d’olivares hav trov medesim buon corrispondt lasc scriv nuov par l’abbreviation negot tant import circ denar pag gent passagg savoy difficult poic ’l signor duc ordin mod proved tomas fiesc mancar – oltre mand mod pot far – tant amorevol affetion servit maest amic suppl amministr giustit veng gent regol fo part qui dottor pompon cast l’offit d’auditor dov ricord rest dubb venir armat dett gent corsalett resta d’avis hor dic hav fatt cerc form qua sar armarl arriv trov ver c’è sich conven veng tutt armat ben sold hav cur confid seben v scriv signor duc terranov so import vigil avvert fugg l’inconvenient suol esser tant ordinar sold travagl viagg gettin via dett arme part d’ess necessar trov form poss condurr dov esser facil poic potr usar medesim s’è usat tant passagg spagnol d’altr nation tocc usar qualc diligent venghin prim possibil mill corsalett tremil morion do ordin venghin d’ital riarm infanter spagnol qua ritrov desider manc far confid rest preg signor cons desider camp sopr l’esclus a’ lugl piac alessandr farnes capit capizucc v molt magnif signor biag capozucc capit cavall maest
AGR_Audience257-BIS_011;r illustr signor seben m’è punt nuov signor fa intend l’ultim circ l’assistent dat ala lev de’ sold capitan invi cost me ten far proccur mezz calor super tutt difficult attravers m’è stat per gratissim sap part oltre servit notabil result ale maest divin human riconosc ciò dall’amorevolezz rend molt grat certific occasion satisfattion servit lasc mostrarlen particol memor gratitudin capit fiorav testimon signor fa zel occasion cumpl l’obblig ringrat degl’avis dà cos cost rest offer nuov preg signor cons prosper spa a’ agost signor com alessandr farnes mar capizucc v all’illustr signor signor mar capizucc
AGR_Audience257-BIS_012;r molt magnif signor conven servit maest re signor serv andat franc compagn cont galv anguisciol m’è pars d’avvert giunt ordin incaric ricev v’incammin sub dett due compagn ala volt bins banais pigl camin calfad aspett d’intender cos segu rest preg signor ogni ben brusselles all’ultim lugl piacer alessandr farnes biag capizucc v molt magnif signor bias capozuc capit cavall re signor brusselles ultim lugl
AGR_Audience257-BIS_014;r molt magnif signor conform quel resol conferitov voc convien servit maest incamin sub compagn cavall bagagl vers frontier franc pigl cammin s’è disegn senz ecced negl’allogg s’hav far gl’ordin avvert commessar deput citt lieg ministr qual converr port deb rispett sopr ten man ogni diligent possibil cammin succedin disordin nè inconvenient confid dev sol prudent descretion poic sap concorr sudett real servit satisfaction rest preg signor cons prosper brusselles a’ xxi lugl piacer alessandr farnes biag capizucc v molt magnif signor signor biag capizucc capit cavall re signor alessandr brusseles lugl ordin d’and franc
AGR_Audience257-BIS_015;r instruttion ’l capit biag capozuc viagg dev far ital servit maest cont lev infanter italian far riemp due terz essa qua ritrov part qui post ogni esquis diligent volt d’ital dispacc consegn qui abbass andrann dichiar
AGR_Audience257-BIS_016;r illustr signor cos viv sicurissim buon volunt signor vers me tutt cas hav tant prov conosc de’ amorevol affettion d’ess cos dev tener ferm ment mai cad nè cad altro pensier nè qualsivogl relation giorn potess ven fatt d’effett mai accad potess ambigu zel mut sin⟨c⟩er oppinion person attion teng quand altro avveniss ben intend signor termin modest parer conven sap molt ben manc buon intention potr succed sempr haver luog riserv appress me giustification discar quand bisogn onde necessar ciò far offit mezz cosim secretar par habb vol far sì ben preg sgombr ment ogn’oppinion potess haver contrar assicur buon volont vers tutt cas offer nuov pront impieg ogni gust comod present altro rest preg signor prosper cons l’illustr person signor può brusselles a’ giugn signor servit alessandr farnes cont sansecond v all’illustr signor signor cont san second ali giugn brusselles signor duc parm ricev alli letter signor duc allessandr troil ross qual assicur dub nè mai dubit zel buon volont giugn
AGR_Audience257-BIS_017;r molt magnif signor vist fat intend due degl’ xi present ben pot rend cert sì fatt sempr stim dev person cos disporr sempr proccur accresc benefic sodisfattion compagn me sempr ben vist stim avanz obblig mer attion qual rest sodisfattissim circ particolar conteng medesim m’occorr dirv rispost set sol compagn pat commod molt’altr trov nell’istess peggior termin necess ritrov paes villagg vill – cotest particular – cos essaust continu gravezz distruttion caus particol consideration commissar general cavalier cigogn conven ten pariment ala distribution repart sustent restant necessar convien far sich proccur aiut megl potr quel accord ten man conform scriv l’alleg osservin ordin dat sold contravenghin essi guardin disordin oltragg cotest burges desesper sien necessit dishabit vill redunder diservit notabil maest confid sol discretion rest compl satisfattion incaric davantagg ringrat present hav invi calzett m’è stat accettissim molt l’amorevolezz l’ha caus
AGR_Audience257-BIS_018;r illustr signor poic piac signor iddi richiam sè capit ludov figl necessar darsen pac usar ciò prudenz signor sol me poss dirl altro sent infin dispiac haver pers person carissim dolor verisimil dov partor qual amo manier sa sì me condogl insiem essort poss consol tant ordin l’assistt signor camill fatt quel human pot andat grat dio l’offer raccom dio guard prosper camp fermontier d’april signor illustr piac alessandr farnes signor mar capizucc v all’illustr signor signor mar cappizzucc rom
AGR_Audience257-BIS_019;r molt magnif signor conven gent guerr maest trov cost teng person cap superintendent essa valor diligent habb caric sol quel tocc fin d’allogg ovvi gl’inconvenient disordin manc superior potr succed quegl’effett l’occasion porg real servit maest resol deput ciò signor marches varambon caval qualit part sap d’avvert incaric espress sol riconosc rispett tal corrispond sec ogn’occort richiest pront diligent person compagn quell’assistent pot cos richied sudett real servit promett prudent discretion fin preg signor cons prosper brusselles a’ febrar piac alessandr farnes capit biag capozucc v molt magnif signor signor biag capozucc capit cavall re signor
AGR_Audience257-BIS_020;r all’illustr signor signor giovann more commend illustr signor conform – sì lett bocc – intes discors dichiaratol sopr nuov maggior augment soccors bisogn caus cattol franc ’l pericol present trov citt parig conservation nonost propr somm necess l’impossibil prov ne’ temp corrent gent liber real felicissim stat poss dispon senz evident pericol possied ben signor not va mastr camp camill capizucc terz d’infanter italian ordin unisc caric de’ vallon tien sott sè capit tenent colonell martin mont cavaller capit giorg cres acci tant megl s’assicur servit pret dett mastr camp instruttion cop vedr communic corrispond signor l’ambasc don bernardin mendozz ministr maest consegl qualchedun d’ambedu trov man confid darann reciproc ciaschedun part avvertt diligt richied occasion potrebb offer necessar import fin pret vols torn avvis medem person dett mastr camp signor illustr signor guard accresc può brusselles l’ultim magg servit signor alessandr farnes
AGR_Audience257-BIS_021;r molt magnif signor conform hav appunt resol mand cent fant cio italian wallon qual havrann repart form cio dell’un l’altr nation gaeth ’l medesim restant bolduc vech ciascun due luog mett sold cavaller ben conosc confident vigilant diligent valor habb caric superintendent proccur sol conservation securezz luog incaric viv procced disciplin permett disordin nè inconvenient alcun havr particol pensier poic rimett ala discretion prudent far l’elettion due cap sudett richied m’occorr signor guard cons camp vicin berghes a’ ottobr piac alessandr farnes capit biag capozucc v molt magnif signor signor biag capizucc capit cavall re signor
AGR_Audience257-BIS_022;r molt illustr signor rallegr infinit ved letter signor dell vigil diligt buon zel mand avis cumpl bisogn servit d’idd sant caus maest dandoc raguagl vien avvis monsignor del chappell
AGR_Audience257-BIS_023;r illustr signor intend già arriv bergues molt barc caric gent nott pens nimic intent ventur desider gent ritrov far servit maest vallon dev esser uscit gant insiem incar cald ogni sforz d’arriv ancorc fuss qualc hor nott perd l’occasion ric person gent vien tal effett servit pret anim vallon faccin medesim signor cons prosper può bevr a’ marz servit alessandr farnes camill capizucc v all’illustr signor signor camill capizucc capit d’infanter italian govern terc mastr camp mar cardovin re signor marz ’
AGR_Audience257-BIS_024;r seben necessar ch’ell rendess grat compagn d’archibusier cavall ch’i impieg capit biag fratell pot ella promett buon volunt tutt cas ogni prontezz avanz proccur ogni benefic sodisfation per stat gratissim l’amorevol testimon dà giunt continu affetion port person assicur l’occasion gl’effett quel man potrann far conosc ugual correspondent desider teng giov sempr me offer raccom preg signor cons lier a’ xx giugn piac alessandr farnes mar capozzuc v molt magnif signor signor mar capozucc rom
AGR_Audience257-BIS_025;r cop illustr signor cos viv sicurissim buon volont signor vers me tutt cas hav tant prov conosc de’ amorevol affetion d’ess cos dev tener ferm ment mai cad nè cad altro pensier nè qualsivogl relation unquam potess ven fatt d’effett mai accad potess ambigu zel mut sincer opinion person attion teng
AGR_Audience257-BIS_026;r molt magnif signor man capit lodron ricev dell present ved contien circ ’l proced buon govern rest satisfattissim ben rincresc disordin segu fra l’alf gravin poic hav rimess caus ne’ superior cost ten occorr dir altro attes cos conven persuad simil accident succed altro inconvenient cos desider segu v’incar far
AGR_Audience257-BIS_027;r molt magnif signor nonost altra habb scritt incaric compagn incamminassin volt maggior diligent possibil m’occorr hor dirv congiung restant cavaller borgognon cost trov essa incammin qua conform avvis giovann battist de’ tassis cos convien servit maest m’assicur conformar quind m’istend oltre signor prosper content de tournay a’ giugn alessandr farnes biag capizucc v molt magnif signor signor biag capizucc capit d’archibusier cavall re signor
AGR_Audience257-BIS_028;r molt magnif signor conform appunt proccur tutt diligent possibil gent pass tutt giorn incammin bagagl d’ess volt lier ricev mand letter lanzavecc doverr manc d’effettu altro present signor cons guard bieveren a’ lugl piac alessandr farnes biag v molt magnif signor biag capizucc capit d’archibuser cavall re signor
AGR_Audience1398-6_001;r cop molt magnif amatissim present rest particip bonific andav cost quel castell termin hav condott fortificacion esso com molt com’anc diligent usav traten borges terr paesan cultiv teren andar continu ogni acuratezz l’unic remed conservation paes procur d’ampar paesan sien travagl altre guarnigion circonvicin confid promett atend sempr al’honor reputation sonn virtù l’hom felic beat monition cos viver guerr provision necessar temp
