id_lettera;mittente;destinatario;luogo_di_spedizione;data_di_spedizione;luogo_di_conservazione;fondo;numerazione;numero_prima_carta;Facciata_prima_carta;numero_totale_facciate;tipologia_lettera;presenza_nota_di_ricezione;presenza_indirizzo;presenza_filigrana;presenza_sigillo;presenza_firma;dimensioni;trascrittore;testo
KBR_ms.III.1635_001;Farnese, Alessandro;Mansfeld, Charles de;Bruxelles;08/03/1586;KBR;ms.III.1635;0;1;r;4;originale;0;1;1;1;1;[205,310];Gianluca Valenti;[*1r] Molto Illustre Signor, Havendo inteso che ’l forte di Blerich, dove sta il capitan Bernabò Barboni, resta con così poca gente, senza polvere et senza viveri se non di giorno in giorno, seben mi persuado che questo non possa essere, et che Vostra Signoria – poiché sa quello che conviene, et se li è ricordato – haverà rimediato a tutto, non posso perciò lassar di avertirla che, sì per la reputation come per tutto quello che può succedere, non è conveniente che stia della maniera che mi dicono. Onde la prego a volersi informare bene di tutto quello che occorre in questo particolare e, stando così, dar ordine così espresso, che non ci sia mancamento perché i soldati vi possino vivere et habbino qualche munition di riserva et la polvere necessaria. Che, per il medessimo effetto, scrivo anco al cavaliero Cigogna che assista et faccia quello che conviene, et confido che quando questo non si possa fare, avvisandomelo lei, più voluntieri darò ordine che s’abbandoni e smantelli che correr risico di ricever qualche danno, con diminution della reputation. Et aspettando risposta, resto pregando Nostro Signor che conservi Vostra Signoria come può. Di Brusselles, a’ 8 di marzo 1586. Di Vostra Signoria al servitio, Alessandro Farnese {al Conte Carlo} [*2v] Al molto Illustre Signore, il signor Conte Carlo di Mansfelt
KBR_ms.III.1635_002;Farnese, Alessandro;Mansfeld, Charles de;Bruxelles;22/04/1586;KBR;ms.III.1635;0;1;r;4;copia;1;1;1;1;1;[205,310];Gianluca Valenti;[*1r] Molto Illustre Signor, Trovomi le due lettere di Vostra Signoria de’ 16, et dipoi l’altra de’ 18 portatami da Giovan Francesco
KBR_ms.III.1635_003;Farnese, Alessandro;Mansfeld, Charles de;Bruxelles;01/05/1586;KBR;ms.III.1635;0;1;r;4;copia;1;1;1;1;1;[205,310];Gianluca Valenti;[*1r] Dupplicato Hieri sul tardi ricevei la di Vostra Signoria de’ 28 scritta la sera, et questa notte l’altra in cifra la mattina, e sento quanto può persuadersi il fastidio e travaglio in ch’ela si trova per le cause che appunta. Et sebene Trincuart mi dice haver mandato huomini et ordini bastanti perché non manchi il pan quotidiano, li ho ordinato che parta lui stesso
KBR_ms.III.1635_004;Farnese, Alessandro;Mansfeld, Charles de;Bruxelles;03/05/1586;KBR;ms.III.1635;0;1;r;4;originale;1;1;1;1;1;[205,310];Gianluca Valenti;[*1r] Molto Illustre Signor, Hieri, con Don Alonso de Leiva, scrissi a Vostra Signoria et le mandai a conferire tutto quello che mi occorreva. Sulla sera poi mi comparvero lettere di Monsignor de Haultepenne, nelle quali mi avvisa che si levava dall’assedio di Nuys, et sarebbe a Grave domani. Col qual avviso già havevo i stivali in piede et caricato le bagaglie di mia casa per andar questa sera a Malines et proseguir inanzi il mio viaggio, ma – essendomi capitato dua hore fa l’altra di Vostra Signoria de’ 30 con nuova della retirata del nemico – ho soprasseduto, pensando d’attender con la diligentia che conviene alle preparationi del dissegno che si ha per incamminarle tanto prima. Et così ho dato anco ordine che la gente d’Anversa soprasseda la sua partenza perché non se n’essendo tanto bisogno potrà servir di scolta alle presente cose. Fratanto ringratio Vostra Signoria della diligentia che ha usato in avvisarmi di quanto passa, et m’occorre solo ricordare che proccuri di conservare i posti, et evitar, per quanto sia possibile, che non entri più vettovaglie né genti nella piazza. La venuta di Monsignor de Haultepenne è stata molto a pproposito, et se non ci saran cose che oblighino in contrario, convenirà che se ne stia con la sua gente dall’altra parte della riviera, perché doverrà haverci più forma di sustento, come per non finir di distruggere totalmente la parte di qua, et ci difficulti più i nostri dissegni, et poiché haverà cavalleria assai, potrà il commissario general retirarsene con le compagnie che erano andato seco, ai lor presidi ordinari, dove staranno più alla mano per le scolte et per le cose che di qua potessero occorre. Et con tal occasione potrà rimandar in qua li cavalli dell’antiglieria, et aspettando avviso di quel che di mano in mano succederà non lascierò di dar tutta la fretta possibile alla mia partenza. Et con questa fine prego Nostro Signore guardi Vostra Signoria come può.  Di Brusselles, a’ 3 di maggio 1586. Al servitio devotissimo, Alessandro Farnese {al Conte Carlo} [*2v] Al molto Illustre Signor, il signor Conte Carlo di Mansfelt {receue à Reech le 6 de mai ’86}
KBR_ms.III.1635_005;Farnese, Alessandro;Mansfeld, Charles de;Bruxelles;08/05/1586;KBR;ms.III.1635;0;1;r;4;originale;1;1;1;1;1;[205,310];Gianluca Valenti;[*1r] Molto Illustre Signor, Col ritorno di Don Alonso de Leiva, venuta di Giovan Francesco, et la lettera di Vostra Signoria de’ 5, resto avvisato di tutto quello che passa. Et poiché sarà arrivato l’officiale del thessoro con i denari, è Trincuart con forma del sustento della gente
KBR_ms.III.1635_006;Farnese, Alessandro;Mansfeld, Charles de;Gemert;25/05/1586;KBR;ms.III.1635;0;1;r;4;originale;0;1;1;1;1;[205,310];Gianluca Valenti;[*1r] Molto Illustre Signor, Per  la lettera di Vostra Signoria de hieri ho visto il suo parere circa l’occupar et conservar i posti necessari del quartiero del terzo vecchio, e tutto m’è parso benissimo considerato. Et in quella conformità ho ordinato al commissario general che se ne vada a visitare tutti i detti posti, et – molto ben riconosciutoli – effettui quanto si troverrà convenire. Ho parimente visto quello che mi scrive circa li paesani guastatori, et poiché se ne fugghono della maniera che mi significa, molto a proposito è stato l’haver ordinato a quello scotetto la provisione  del dinaro che appunta in vece di essi guastatori
KBR_ms.III.1635_007;Farnese, Alessandro;Mansfeld, Charles de;Gemert;26/05/1586;KBR;ms.III.1635;0;1;r;4;originale;1;1;1;1;1;[205,310];Gianluca Valenti;[*1r] Molto Illustre Signor, Per la di Vostra Signoria de questa mattina resto avvisato del termine in che restava il ponte, et di quel di più che li è parso farmi intendere intorno a che m’occorre dirle per risposta. Maravigliarmi molto che la soldatesca, et particolarmente la natione spagnola, abbandoni della maniera che mi significa le sue bandiere, poiché la monition non le manca, et con li soccorsi se li va dando la maggior assistentia che si può. Et perché con essi si possa rimediare a simili ’nconvenienti, et per poter tener la gente in maggior disciplina, farà Vostra Signoria intendere a tutti li sergenti maggiori di qualsivoglia natione che ciascun di loro faccia una relation verdadera, firmata di sua mano, di tutti gli soldati che effettivalmente servono di presente in ciascuna compagnia, di lor terzi o reggimenti, et me la portino qui, per poter dar l’ordine che conviene per il soccorso che se li darà subito. Et a tal effetto scrivo a tutti i maggiori di campo, perché proccurino di trattenere li soldati insieme, et non li permettino di sbandarsi. Intanto ho ordinato che alli officiali alemani venuti qui si dia qualche aiuto con che possino rimediar alle necessità della lor gente. Ho parimente dato ordine che ’l mezzo canone di Blerich sia condutto costà quanto prima, et potrà lei ordinar il contador dell’artiglieria che facci dar al commissario general li cavalli necessari per condurlo poiché tanto più presto arrivi. Circa li altri punti non ho che dirli, onde resterò pregando Nostro Signor che conservi et prosperi la molto Illustre persona di Vostra Signoria come più desidera.  Di Gemmer, a’ 26 di maggio 1586. ^Quanto alla mutatione delli quartieri già ho risposto al Signor Conte suo padre, et mandato lettera a lei col Todeschino quanto mi occorreva
KBR_ms.III.987_001;Farnese, Alessandro;sconosciuto;Bruxelles;20/04/1591;KBR;ms.III.987;1;72;r;2;originale;0;0;1;0;1;[204,252];Gianluca Valenti;[72r] Illustrissimo Signore, L’istesse considerationi che han mosso Vostra Signoria a rallegrarsi meco della promotion di Don Duarte mio figlio al cardinalato, congiunte con la parte che le tocca in ogni interesse di questa casa, et con la confidenza che ho nella bontà et amorevolezza sua, sì come mi rendono assicurato della consolatione che mi significa haverne sentito, così ponno certificare Vostra Signoria della gratitudine et obbligo con che è riconosciuto da me questo suo affettuoso offitio, del qual le rendo le gratie che devo, et nel particolare del negotio et per recensioni sue, con la venuta et ritorno da lei del Varisino, non ho che soggiungere a Vostra Signoria se non che in me continua la medesima prontezza et voluntà di impiegarmi in questa et in ogn’altra occasione di satisfattione et servitio dell’Illustrissima sua persona et casa, che Nostro Signore conservi prosperamente.  Di Brusselles, a’ 20 di aprile 1591. Di Vostra Signoria Illustrissima al servitio, Alessandro Farnese
AGR_Audience2152-4_001;Campi, Carlo;sconosciuto;Armentières;26/05/1651;AGR;Audience, 2152/4;0;1;r;2;copia;0;0;1;0;1;[225,330];Gianluca Valenti;[*1r] Illustrissimo Signore, Invio a Vostra Eccellenza il capitan Torquato del mio terzo per participar a Vostra Eccellenza tutto quello passa con li stati di Lilla per il pagamento delle piacchiglie, supplicando humilmente Vostra Eccellenza resti servita darli credito in quello rapresenterà in mio nome a Vostra Eccellenza, alla quale fo humilissime riverenze.  D’Armentiers, le 26 di maggio 1561. Di Vostra Eccellenza humilissimo, devotissimo et obligatissimo servitore, Carlo Campi
AGR_Audience2152-4_002;Campi, Carlo;sconosciuto;Lille;13/02/1654;AGR;Audience, 2152/4;0;1;r;2;copia;0;0;0;0;1;[210,305];Gianluca Valenti;
AGR_Audience2152-4_003;Campi, Carlo;sconosciuto;Lille;31/08/1654;AGR;Audience, 2152/4;0;1;r;2;copia;0;0;1;0;1;[205,310];Gianluca Valenti;[*1r] Serenissimo Signore, Ho parlato questa matina con questo magistrato di questa villa per allogiare le reliquie delli tre terzi italiani, così mi hanno detto che in arrivando li receverano e farano allogiare nelle barache, però che poi tocante a darli qualche subsistenza che loro lo farano mentre Vostra Altezza li ordina farlo per mano comune con li quatro Baliu des Hauts Justiciers, che pertanto Vostra Altezza Serenissima sii servita inviare un ordine a quelli della villa e un altro a questi quatro Baliu delli Stati, affine di mano comune vogliano asistere di tre o quatro piache il giorno questa gente, altrimente non alcanzaremo cosa alcuna. Come si erano inviati per l’assedio di Arras 25 charra del paese, e poi cinquanta altri con monitioni, e come quasi tutti li cavalli sono persi, e che siano licentiati come mi dichano quelli delle altre provencie, e come di gran spesa al paese, così supplico Vostra Altezza Serenissima restar servita volerli rimandare, che se Vostra Altezza Serenissima ne haverà bisognio, quando l’ordinerà se invierano subito la quantità che Vostra Altezza Serenissima desidererà. Con che fine humilmente inchinandomi li faccio profondissime riverenze.  Lilla, l’ultimo agosto 1654. Di Vostra Altezza Serenissima humilissimo, obedientissimo e fedelissimo servitore Carlo Campi
AGR_Audience244-F_001;Farnese, Alessandro;Capizucchi, Camillo;Bruxelles;08/01/1586;AGR;Audience, 244/F;1;9;r;4;originale;0;1;1;1;1;[200,320];Gianluca Valenti;[9r] Illustre Signor, Per la sua dell’ultimo del passato, et per la viva relatione del capitan Giulio Grimaldi, et anco prima per altra via, resto informato a pieno della diligentia et valore con che lei col suo terzo s’è adoperato per l’acquisto del forte contra Nimeghen et nell’espugnatione di quel’altro castello
AGR_Audience257-BIS_001;Farnese, Alessandro;Capizucchi, Mario;Valenciennes;20/11/1591;AGR;Audience, 257/BIS;1;3;r;4;originale;0;1;0;1;1;[215,315];Gianluca Valenti;[3r] Illustre Signor, Mi sono stati gratissimi gli avisi che Vostra Signoria m’ha dati per le sue delli 5 et 15 del passato, et ne la ringratio molto, sì come faccio anchora della amor<ev>olezza solita che per le sudette mi ha mostrata
AGR_Audience257-BIS_002;Farnese, Alessandro;Capizucchi, Camillo;Bruxelles;05/03/1590;AGR;Audience, 257/BIS;1;5;r;4;originale;0;1;0;1;1;[205,320];Gianluca Valenti;[5r] Illustre Signore, Per l’occasione della perdita di Breda et altre che concernono al servitio di Sua Maestà conviene che caminiate subito con tutto ’l terzo verso Anversa o Tornout per il camino che la guiderà Giovanni Dumont che va per questo effetto, et che conduca con lei il bagaglio, poiché potria essere che convenisse star per di qua qualche giorni, et ne havesse di bisogno, che nella campagna non mancherà dove fermarsi. Nel detto Tornout troverà Vostra Signoria il Conte Carlo di Mansfelt o ordine suo di quello che doverà fare, il quale haverà da essequire con la puntualità che sole, et conforme alla confidenza che tengo nell’amorevolezza, prudenza et valor suo. Et di quello che andrà facendo mi darà aviso di mano in mano, che confidando non ci farà mancamento. Resto pregando Nostro Signore che la conservi e prosperi come desidera. Di Brusselles, a’ 5 de marzo 1590. Di Vostra Signoria al servitio, Alessandro Farnese [6v] All’Illustre Signor, il signor Camillo Capizucca, maestro di campo d’infanteria italiana per il Re mio signore
AGR_Audience257-BIS_003;Farnese, Alessandro;Caetani, Enrico;Spa;18/06/1590;AGR;Audience, 257/BIS;1;7;r;4;originale;0;1;1;1;1;[205,320];Gianluca Valenti;[7r] Illustrissimo et Reverendissimo Signor mio Osservandissimo, Poiché ’l maestro di campo Camillo Capizucca, che d’ordine mio se ne viene in assistentia di cotesta santa causa col suo tertio d’italiani et con le forze di più, che snervando le necessarie di qua con non poco incomodo et risico di quante cose nella stagione presente le tengo incaricato, sarà essibitore di questa mia a Vostra Signoria Illustrissima, non occorrerà ch’io m’allarghi in essa se non in baciarle le mani, et dupplicarle quell’affettuoso testimonio della mia continua osservanza in suo servitio ch’esso Capizucca può largamente farle in nome mio, come anco della stima che faccio della sua buona gratia e della sincerità et prontezza con che mi disporrò – sempre che possa – in essecutione de’ suoi comandamenti. Onde, rimettendomi ala relatione di esso intorno a ciò et ala solita strettezza in che mi trovo di danari et gente, resto baciando di nuovo le mani a Vostra Signoria Illustrissima, et pregandole da Nostro Signor ogni felicità et contentezza. Di Spa, a’ XVIII di giugno 1590. Di Vostra Signoria Illustrissima et Reverendissima affettionatissimo servitor, Alessandro Farnese {il legato Caetano} [8v] All’Illustrissimo et Reverendissimo Signore mio Osservandissimo, il signor Enrico Caetano, legato di Sua Santità a Parigi
AGR_Audience257-BIS_004;Farnese, Alessandro;Capizucchi, Camillo;Spa;03/07/1590;AGR;Audience, 257/BIS;1;9;r;4;originale;0;1;1;1;1;[205,320];Gianluca Valenti;[9r] Illustre Signore, In un istesso tempo ho per le mani dell’alfier Ventura ricevue le dua di Vostra Signoria de’ 27 del passato, et per esse et per la sua viva relatione inteso il motivo che per causa d’alcuni tristi et mal intentionati era seguito in cotesto suo terzo, et il pronto rimedio che per la sua diligentia, buona assistentia delli capitani et offitiali magior, et generalmente di tutta quella honorata soldatesca, vi haveva applicato
AGR_Audience257-BIS_005;Farnese, Alessandro;Capizucchi, Camillo;Spa;30/06/1590;AGR;Audience, 257/BIS;1;11;r;4;originale;0;1;1;1;1;[205,320];Gianluca Valenti;[11r] Illustre Signor, Per la di Vostra Signoria de’ 22 del presente resto participato di come, per la mossa del Signor Duca du Mayne, s’incamminava per la via di Landresy come più breve, alla sua volta, con quel di più che li è occorso notificarmi, che tutto sta benissimo. Né lascierà con ogni occasione d’avisarmi di mano in mano del suo progresso, proccurando con tutta la diligentia possibile di condur la sua gente sicuramente et di gionger quanto prima da Sua Eccellenza, et d’intendersi bene con Don Antonio de Cuniga che va per capo della gente spagnola, et nell’occasione di combattere tener la sua ben unita et composta. Et perché conviene in ogni caso che anch’esso Don Antonio habbia una compagnia d’archibugieri a cavallo, li farà consignar una delle due che lei si trova appresso, restando lei con l’altra, tenendo – come dico – buona corrispondentia et intelligentia seco, accioché le cose passino ordinatamente et per li termini convenienti, come so che faranno, mediante questi avertimenti et altre diligentie che lei saprà usare, che fratanto doverrà arrivar il commendator Moreo con li ricapiti più sustantiali che haverà potuto giuntare per rimediare alla necessità della gente, di che aspetto avviso. Sarà, se non, ben fatto di raccorre sotto cotesto terzo tutti li italiani che si troverranno in Francia, dove voglio vedere se ne troverrà qualche quantità, et si darà ordine al commissario che con l’intervento del commendator Moreo faccia assentar quei che si troveranno, et io non lascierò d’haver memoria di lei quando comparirà qualche gente d’Italia, che per hora non m’occorre altro che pregar il Signore che guardi et prosperi l’Illustre sua persona come può.  Di Spa, ali 30 di giugno 1590. Di Vostra Signoria al servitio, Alessandro Farnese {maestro di campo Capizucchi} [12v] All’Illustre Signore, il signor Camillo Capizucchi, maestro di campo d’infanteria italiana per il Re mio Signore
AGR_Audience257-BIS_006;Farnese, Alessandro;Capizucchi, Biagio;Bruxelles;27/10/1587;AGR;Audience, 257/BIS;1;13;r;4;originale;0;1;1;1;1;[205,310];Gianluca Valenti;[13r] Molto Magnifico Signor, Havendo risoluto che così alla gente del votro cargo, come a tutta l’altra che hora di nuovo viene d’Italia, all’entrar del paese si pigli mostra, perché si sappia il numero effettivo d’essa et si possa dar gl’ordini convenienti alla distribution sua, m’è parso, per esser negotio dell’importantia al servitio di Sua Maestà, che si sa dar tal cura a uno degli offitiali di contadoria, et che questo sia quel d’Alonso Carnero che per sua absentia essercita Antonio Carnero suo fratello, di che ho voluto avvertirvi et giuntamente incaricarvi che l’assistiate per la parte vostra, perché tal mostra passi con la rettitudine che conviene, et gli prestiate il credito che al suo cargo et autorità si deve. Et io della vostra amorevolezza confido. Al qual Carnero farete consignar le liste et registri di coteste bandiere, da qualsivoglia persona che li porta a carico in conformità dell’ordine che a tal effetto se ’l porterà, che per altro non è la presente. Nostro Signore vi conservi et guardi. Di Brusselles, a’ 27 d’ottobre 1587. Al piacer vostro, Alessandro Farnese {capitano Biagio Capizucchi} [14v] Al molto Magnifico Signor, il signor Biagio Capizucchi, capitano di cavalli per il Re mio Signore
AGR_Audience257-BIS_007;Farnese, Alessandro;Capizucchi, Biagio;Bruxelles;08/10/1587;AGR;Audience, 257/BIS;1;15;r;4;originale;0;1;1;1;1;[205,305];Gianluca Valenti;[15r] Molto Magnifico Signore, Conviene tanto al servitio di Sua Maestà che cotesta gente che conducete s’avanzi et arrivi qua quanto prima per dare di sé, nell’occasioni che s’andrano porgendo, quel segnalato saggio ch’io mi prometto del valor di così honorata soldatesca
AGR_Audience257-BIS_008;Farnese, Alessandro;Capizucchi, Biagio;Bruxelles;31/08/1587;AGR;Audience, 257/BIS;1;17;r;4;originale;0;1;1;1;1;[205,305];Gianluca Valenti;[17r] Molto Magnifico Signore, Con tutto che io mi prometta della diligentia et buon ordine vostro nella condotta di cotesta gente, la satisfattione che dovete al servitio di Sua Maestà, et ala confidenza che in voi tengo, et che procurerete sopra ’l tutto che si procceda tutti in generale et da ciascun in particolare con la conveniente disciplina et osservanza, m’è parso però d’incaricarvelo di nuovo in giornata perché con tanta maggior cura tenghiate la mano che non succedino inconvenienti nel viaggio, anzi si gastighino con la severità che parerà convenire tutti i disordini che vi verranno a notitia, con assicurare cotesta soldatesca che pria mi troverà prontissimo a favorire i meriti di ciascuno e a corrispondere in accordo suo nell’occasioni che si porgeranno del sudetto real servitio ala buona voluntà con che la sto aspettando. Et perché come di qua sono stati sviati per Francia et per costà molti soldati, potria più facilmente seguire l’istesso di coteste troppe sarà necessario, et v’incarico espressamente che tenghiate gl’ochi aperti, et stiate ala mira che Sua Maestà non riceva così notabile deservitio, et caso che dal’Illustre Duca di Lorraine, al passare che farete per il suo stato, vi fosse fatta instantia (come potrà seguire) di trattenervi là per sua assistentia o altro suo effetto, vi scuserete di non havere tal ordine ma di proseguir il vostro camino, come (se non vi si ordina altro) proccurerete di fare con ogni diligentia. Che è quanto m’occorre, et Nostro Signor vi guardi et conservi. Di Brusselles, a’ 31 di agosto 1587. Al piacere vostro, Alessandro Farnese {capitano Biagio Capozucca} [18v] Al molto Magnifico Signor Biagio Capizuca, capitan di cavalli per il Re mio Signore
AGR_Audience257-BIS_009;Farnese, Alessandro;Capizucchi, Biagio;L'Écluse;13/07/1587;AGR;Audience, 257/BIS;1;19;r;4;originale;0;1;1;1;1;[205,300];Gianluca Valenti;[19r] Molto Magnifico Signor, So bene la prescia che v’incaricai al partire vostro di qua, et ho fatto anco di poi una et più volte per incitarvi oltre il vostro solito zelo in servitio di Sua Maestà a superare con la prestezza et diligentia vostra qualsivoglia occasione o difficultà che causasse dilatione ala venuta et arrivo qua vostro. Et, della gente, mi rendono certo che non sia necessario di tornare a rinfrescarvene la memoria et sollecitarvene davantaggio
AGR_Audience257-BIS_010;Farnese, Alessandro;Capizucchi, Biagio;L'Écluse;03/07/1587;AGR;Audience, 257/BIS;1;21;r;4;originale;0;1;0;1;1;[205,310];Gianluca Valenti;[21r] Molto Magnifico Signore, Col corriero che da Milano m’è stato spedito in diligentia ho ricevuto la vostra lettera degli 8 del passato, et veduto con quanta diligentia vi eravate trasferito là, et havevate negotiato col Signor Duca di Terranova, et come, con li denari necessari et li offitiali che vi havevano dati, passavi avanti verso Parma, Pesero et Roma. Et perch’io in qualsivoglia delli detti luoghi m’assicuro che userete della diligentia che tanto vi ho raccomandata et conoscete, conviene – sì per la stagione che s’avanza come per la fretta che si danno gli heretici nelle sue leve – non ho che ricordarvi, anzi starò aspettando da qui inanzi da voi aviso che tutto sia incaminato di maniera ch’ela possa aspettare per il tempo che s’andava pensando senza manco. Ho inteso come il Signor Duca di Terranova non haveva per ancora ordine di Sua Maestà per conto di questa leva, ma di poi, per quello che Sua Maestà me ne scrive, li sarà arrivato, ancorché procedendo Sua Eccellenza con tanto zelo per quello che tocca al servitio di Sua Maestà, et mostrando a me tanta voluntà di favorirmi, spero che questo non causarà mancamento alcuno, et sebene m’assicuro che nel Signor Conte d’Olivares haverete trovata la medesima buona corrispondenza, non lascio di scriverle di nuovo quello che mi pare per l’abbreviatione di questo negotio che tanto importa. Circa li denari per la paga della gente et passaggio per Savoya, non ci sarà difficultà, poiché se ’l Signor Duca non haverà ordine et modo di provederli, Tomaso Fiesco non mancarà, perché – oltre che se li manda il modo per poterlo fare – è tanto amorevole et affetionato al servitio di Sua Maestà et mio amico che supplirà a tutto. Perché ci sia chi amministri giustitia et venga la gente regolata, fo partire di qui il dottor Pomponio Castano perché faccia l’offitio d’auditore. Vi dovete ricordare che si restò in dubbio se veniria armata la detta gente di corsaletti o non, et che restai d’avisarvelo. Hora vi dico che havendo fatto cercare la forma che qua ci saria di armarla in arrivando, trovo che veramente non c’è, siché convenirà che venga tutta armata et bene, et come soldati, in che haverete la cura che confido, perché sebene se ne [21v] scrive al Signor Duca di Terranova, so quanto importerà che voi stiate in questo vigilante, avvertendo che per fuggire l’inconveniente che suole essere tanto ordinario, di che i soldati per il travaglio del viaggio gettino via le dette arme, o parte d’esse, sarà necessario trovare forma come le possono condurre, il che doverà essere facile, poiché si potrà usare del medesimo che s’è usato in tanti passaggi di spagnoli et d’altre nationi. Et se vi toccherà a usare qualche diligentia perché venghino quanto prima, sarà possibile li mille corsaletti et tremila morioni, che do ordine venghino d’Italia per riarmare la infanteria spagnola che qua si ritrova. Desidero che non manchiate di fare quello che di voi confido, che con questo resto pregando Nostro Signore che vi conservi come desiderate. Del campo sopra l’Esclusa, a’ 3 di luglio 1587. Al piacere vostro, Alessandro Farnese {capitano Capizucca} [22v] Al molto Magnifico Signore Biagio Capozucca, capitano di cavalli per Sua Maestà
AGR_Audience257-BIS_011;Farnese, Alessandro;Capizucchi, Mario;Spa;23/08/1591;AGR;Audience, 257/BIS;1;23;r;4;originale;0;1;1;1;1;[200,320];Gianluca Valenti;[23r] Illustre Signore, Sebene non m’è punto nuovo quanto Vostra Signoria mi fa intendere con l’ultima sua circa l’assistentia che ha dato ala leva de’ soldati, che li capitani inviati costà da me tenevano di fare, proccurando col suo mezzo et calore di superare tutte le difficultà che se le sono attraversate, m’è stato però gratissimo il saperlo. Et per la parte che, oltre al servitio notabile che ne resulta ale Maestà divina et humana, riconosco in ciò dall’amorevolezza sua, le ne rendo molte gratie certificandola che in occasione di sua satisfattione et servitio non lascerò di mostrarlene particolar memoria et gratitudine, come farò anco al capitano Fioravanti del testimonio che Vostra Signoria mi fa del zelo con che in questa occasione ha cumplito con l’obbligo suo. Con che, et con ringratiarla anco degl’avisi che mi dà delle cose di costà, resto offerendomele di nuovo, con pregare Nostro Signor che la conservi et prosperi. Di Spa, a’ 23 di agosto 1591. Di Vostra Signoria al comando, Alessandro Farnese {Mario Capizucca} [24v] All’Illustre Signor, il signor Mario Capizucca
AGR_Audience257-BIS_012;Farnese, Alessandro;Capizucchi, Biagio;Bruxelles;31/07/1590;AGR;Audience, 257/BIS;1;25;r;4;originale;0;1;1;1;1;[200,320];Gianluca Valenti;[25r] Molto Magnifico Signor, Convenendo al servitio della Maestà del Re mio Signore servirmi in questa andata in Francia, della Vostra compagnia et di quella del Conte Galvano Anguisciola, m’è parso d’avvertirvene et giuntamente ordinar et incaricarvi che, in ricevendo questa, v’incamminiate subito con dette due compagnie <a>la volta di Bins et Banais, pigliando il camino della <...>calfada. Et aspettando d’intender che così ha seguito resto pregandovi dal Signore ogni bene. Di Brusselles, all’ultimo di luglio 1590. Al piacer vostro, Alessandro Farnese {Biagio Capizucchi} [26v] Al molto Magnifico Signor Biasio Capozuca, capitan di cavalli per il Re mio Signore {Brusselles, ultimo luglio 1590}
AGR_Audience257-BIS_013;Farnese, Alessandro;Capizucchi, Camillo;Bruxelles;21/07/1590;AGR;Audience, 257/BIS;1;27;r;4;originale;0;1;1;1;1;[200,320];André Rocco;
AGR_Audience257-BIS_014;Farnese, Alessandro;Capizucchi, Biagio;Bruxelles;21/07/1590;AGR;Audience, 257/BIS;1;29;r;4;originale;0;1;1;1;1;[200,320];André Rocco;[29r] Molto Magnifico Signore, In conformità di quel si è resoluto et conferitovi in voce, conviene al servitio di Sua Maestà che vi incaminiate subito con la vostra compagnia di cavalli et suoi bagagli verso la frontiera di Francia, pigliando il cammino che s’è disegnato, senza eccedere negl’alloggiamenti che s’haveranno da fare, gl’ordini et avvertimenti dei commessari che sar<anno> deputati dalla città di Liegi et suoi ministri, ai quali converrà portare il debito rispetto, et sopra il tutto tenere la mano con ogni diligentia possibile, che di cammino non succedino disordini né inconvenienti. In che confido quanto devo et sono solito nella prudentia et descretione vostra, poiché sapete quanto ci concorre il sudetto reale servitio et la satisfactione mia. Con che resto pregando Nostro Signore che vi conservi et prosperi. Di Brusselles, a’ XXI di luglio 1590. Al piacer vostro, Alessandro Farnese {Biagio Capizucca} [30v] Al molto Magnifico Signore, il signor Biagio Capizucca, capitano di cavalli per il Re mio Signore {Alessandro, Brusseles, 21 luglio 1590, ordine d’andare in Francia}
AGR_Audience257-BIS_015;Farnese, Alessandro;Capizucchi, Biagio;Bruxelles;20/05/1587;AGR;Audience, 257/BIS;1;31;r;8;originale;0;0;1;1;1;[205,300];André Rocco;[31r] Instruttione di quello che ’l capitan Biagio Capozuchi nel viaggio che deve fare per Italia in servitio di Sua Maestà per conto della leva della infanteria italiana che si ha da fare per riempire li due terzi di essa che qua si ritrovano. Partirete di qui per la posta con ogni esquisita diligentia per la volta d’Italia con li dispacci che vi si consegneranno et qui abbasso si andranno dichiarando
AGR_Audience257-BIS_016;Farnese, Alessandro;Rossi, Troilo II de';Bruxelles;07/06/1587;AGR;Audience, 257/BIS;1;37;r;4;originale;1;1;1;1;1;[205,300];André Rocco;[37r] Illustre Signore, Così come io vivo sicurissimo della buona voluntà di Vostra Signoria verso di me e di tutta casa mia, havendola per tante prove conosciuta per uno de’ più amorevoli et affettionati d’essa, così deve anco lei tener per fermo che nella mente mia sia mai caduto, né sarà per cadere, altro pensiero, né che per qualsivoglia relatione che un giorno mi potesse venir fatta (come d’effetto mai è accaduto), per la quale io potesse ambiguar del suo zelo, sia io per mutar la sin⟨c⟩era oppinione che della persona et attioni sue tengo, et quando altro avvenisse, ben lo farei intendere a Vostra Signoria con i termini et con la modestia che mi pareria convenire, sapendo molto bene che per mancamento della sua buona intentione non potria succedere, et sempre haveria lei luogo riservato appresso di me per la sua giustificatione et discarico, quando bisognasse. Onde non era necessario che di ciò facesse fare offitio, come per mezzo di Cosimo mio secretario par habbi voluto fare. Sì bene la prego a sgombrar dalla mente sua ogn’oppinione che potesse haver contraria, et assicurarsi della mia buona volontà verso di lei et di tutta casa sua, offerendogliela di nuovo pronta per impiegar in ogni suo gusto et comodo. Et non essendo la presente per altro, resto pregando Nostro Signor che prosperi et conservi l’Illustre persona di Vostra Signoria come può. Di Brusselles, a’ 7 di giugno 1587. Di Vostra Signoria al servitio, Alessandro Farnese {conte di Sansecondo} [38v] All’Illustre Signor, il signor Conte di San Secondo {1587, ali 7 di giugno. Da Brusselles, del signor Duca di Parma. Ricevuta alli 25} {Lettera del signor Duca Allessandro allo Troilo Rossi, nella qual lo assicura che non dubita né ha mai dubitato del suo zelo e buona volontà. 1587, 7 giugno}
AGR_Audience257-BIS_017;Farnese, Alessandro;Capizucchi, Biagio;Beveren;19/02/1585;AGR;Audience, 257/BIS;1;39;r;4;originale;0;1;1;1;1;[200,320];André Rocco;[39r] Molto Magnifico Signore, Ho visto quanto mi fate intendere per le due vostre degl’8 e XI del presente. Et ben potete rendervi certo che, sì come ho fatto sempre et faccio la stima che devo della persona vostra, così mi disporrò sempre a proccurarle accrescimento, benefitio et sodisfattione, et che la compagnia vostra sarà da me sempre ben vista, stimata et avanzata, come mi obbligano i meriti et attioni vostre, delle quali resto sodisfattissimo.  Circa i particolari che contengono le medesime vostre, m’occorre dirvi per risposta che non sete solo voi et la vostra compagnia a patire in commodità, ma che molt’altri si trovano nell’istesso et peggiore termine e necessità, per ritrovarsi il paese, villaggi et ville – et cotesta particularmente – così essauste per le loro continue gravezze et distruttioni. Il che haverà causato particolare consideratione al commissario generale et cavalier Cigogna, convenendole tenerla parimente ala distributione, repartimento et sustento del restante, come necessariamente convien fare. Siché proccurerete di aiutarvi il meglio che potrete con quel che vi si è accordato, tenendo la mano che, in conformità di quanto vi scrivo con l’allegata, si osservino gli ordini dati, et che i vostri soldati non contravenghino a essi, et si guardino dai disordini et di oltraggiare cotesti burgesi perché, desesperati, non sieno necessitati a dishabitare la villa, il che redunderia in diservitio notabile di Sua Maestà. Et perché confido della solita discretione vostra, in questo come nel resto, complita satisfattione, non starò ad incaricarvelo davantaggio, et ringratiandovi del presente che mi havete inviato delle calzette, quale m’è stato accettissimo, et molto più l’amorevolezza che l’ha causato
AGR_Audience257-BIS_018;Farnese, Alessandro;Capizucchi, Mario;Forest-Montiers;10/04/1592;AGR;Audience, 257/BIS;1;41;r;4;originale;0;1;1;1;1;[200,320];André Rocco;[41r] Illustre Signore, Poiché è piaciuto a Nostro Signor Iddio richiamare a sé il capitano Ludovico suo figlio, è necessario darsene pace et usare in ciò la prudenza che Vostra Signoria ha solito.  Quanto a me, non posso dirle altro se non che ne ho sentito infinito dispiacere per haver persa una persona, la quale mi era carissima, et per il dolore che verisimilmente doverà partorire a tutti gli suoi, quali io amo della maniera che lei sa, sì che me ne condoglio insieme con lei, et la essorto quanto più posso a consolarsene, tanto più che per ordine mio, et con l’assistenza del signor Camillo, si è fatto per lui tutto quel che humanamente si è potuto, et se ne è andato in gratia di Dio. Con che mi l’offero et raccomando che Dio la guardi et prosperi. Dal campo in Fermontier, li 10 d’aprile 1592. Di Vostra Signoria Illustre a piacere, Alessandro Farnese {signor Mario Capizucchi} [42v] All’Illustre Signor, il signor Mario Cappizzucchi in Roma
AGR_Audience257-BIS_019;Farnese, Alessandro;Capizucchi, Biagio;Bruxelles;28/02/1589;AGR;Audience, 257/BIS;1;43;r;4;originale;0;1;1;1;1;[200,315];André Rocco;[43r] Molto Magnifico Signore, Convenendo che la gente di guerra di Sua Maestà che si trova per costà tenga una persona per capo et superintendente di essa che col suo valore et diligentia ne habbia carico, non solo per quel che tocca al finire d’alloggiarlo, ma ad ovviare gl’inconvenienti et disordini che per mancamento di superiore potriano succedere, et anco per quegl’effetti di più che l’occasioni porgeranno per il reale servitio di Sua Maestà, mi sono resoluto di deputare a ciò il signor Marchese di Varambone, cavaliero delle qualità e parti che sapete, et d’avvertirvelo con questa, per incaricarvi, come faccio espressamente, che non solo lo riconosciate et rispettiate come a tali, ma vi corrispondiate seco, et in ogn’occorenza et richiesta sua le siate pronto et diligente con la persona et compagnia vostra, et con quell’assistentia di più che sarà in potere vostro, perché così richiede il sudetto reale servitio, et prometto della prudentia et discretione vostra che sarà il fine di questa, con pregare Nostro Signore che vi conservi e prosperi. Di Brusselles, a’ 28 di febraro 1589. Al piacere vostro, Alessandro Farnese {al capitano Biagio Capozucca} [44v] Al molto Magnifico Signor, il signor Biagio Capozucca, capitano di cavalli per il Re mio Signore
AGR_Audience257-BIS_020;Farnese, Alessandro;Moreo, Juan de;Bruxelles;31/05/1590;AGR;Audience, 257/BIS;1;45;r;2;originale;0;1;1;0;1;[195,270];André Rocco;[45r] All’Illustre Signor, il signore Giovanni Moreo Commendatore Illustre Signore, In conformità di quanto – sì per lettere come a bocca – ho inteso di vostro discorso, e dichiaratole sopra il nuovo e maggiore augmento di soccorso dal quale ha bisogno la causa cattolica di Francia, e ’l pericolo nel quale al presente si trova la città di Parigi per la sua conservatione e nonostante la nostra propria e somma necessità, e l’impossibilità che si prova ne’ tempi correnti di gente libera in questo reale e felicissimo stato, della quale si possa disponere senza evidente pericolo di quanto si possiede, come bene è a Vostra Signoria noto, va il mastro di campo Camillo Capizucchi col suo terzo d’infanteria italiana, con ordine che unisca a questo carico quello de’ valloni, che tiene sotto di sé il capitano e tenente colonello Martino del Monte e la cavalleria del capitan Giorgio Cresia. Ed acciò tanto meglio s’assicuri il servitio che si pretende, il detto mastro di campo ha la sua instruttione, per la copia della quale vedrà quanto al communicarsi e corrispondersi con Vostra Signoria e l’ambasciatore Don Bernardino di Mendozza come ministri di Sua Maestà e del Conseglio, o con qualcheduno d’ambedue che si troverà più alla mano, confidato che se la daranno reciproca ciaschedun per sua parte in tutto e per tutto, e con le avvertenze e diligenze che richiedono le occasioni che si potrebbono offerire, come è necessario e importa per il fine che si pretende. Di che ho volsuto tornare ad avvisarne la medema persona del detto mastro di campo.  ^Di Vostra Signoria Illustre, che il Signor guardi e accresca come può.^ Di Brusselles, a l’ultimo di maggio 1590. Al servitio di Vostra Signoria, Alessandro Farnese
AGR_Audience257-BIS_021;Farnese, Alessandro;Capizucchi, Biagio;Berg-op-zoom;10/04/1588;AGR;Audience, 257/BIS;1;46;r;4;originale;0;1;1;1;1;[200,315];André Rocco;[46r] Molto Magnifico Signore, Conforme a quanto mi havete appuntato et io ho resoluto, si mandano cento fanti, cioè 50 italiani et 50 walloni, i quali si havranno da repartire in questa forma, cioè 25 dell’una et l’altra natione in Gaeth, e ’l medesimo del restante in Bolduch vechio, et in ciascuno dei due luoghi si metterà un soldato della cavalleria ben conosciuto, confidente et di vigilantia, diligentia et valore, che ne habbi il carico et superintendentia, et proccuri non solo la conservatione et securezza del luogo che le sarà incaricato, ma che si viva e procceda con disciplina et non permetta disordine né inconveniente alcuno. Di che havrete particolare pensiero poiché rimetto ala discretione et prudentia vostra il fare l’elettione dei due capi  sudetti che si richiede, che è quanto m’occorre. Et Nostro Signore vi guardi et conservi. Del campo vicino a Berghes, a’ 4 di ottobre 1588. Al piacere vostro, Alessandro Farnese {al capitano Biagio Capozucca} [47v] Al molto Magnifico Signore, il signor Biagio Capizucca, capitano di cavalli per il re mio signore
AGR_Audience257-BIS_022;Farnese, Alessandro;Capizucchi, Camillo;Château-Thierry;20/06/1592;AGR;Audience, 257/BIS;1;48;r;4;originale;0;1;0;1;0;[210,310];André Rocco;[48r] Molto Illustre Signore,  Mi sono rallegrato infinitamente vedendo, per la lettera di Vostra Signoria delli 9 di questo, con quanta vigilanza, diligenza et buon zelo ci manda avisar quello che cumple, et ci bisogna per il servitio d’Iddio, di questa santa causa et di Sua Maestà, dandoci raguaglio di quello gli viene avvisato da Monsignor dela Chappella
AGR_Audience257-BIS_023;Farnese, Alessandro;Capizucchi, Camillo;Beveren;30/03/1585;AGR;Audience, 257/BIS;1;52;r;4;originale;0;1;1;1;1;[210,310];André Rocco;[52r] Illustre Signore, Intendendosi che già sono arrivate a Bergues molte barche cariche di gen<te> et che questa notte pensono i nimici intentar la sua ventura, et desiderando che con la sua gente si ritrovi a far questo servitio a Sua Maestà, come anco li valloni che devono esser usciti di Gante insieme con lei, le incarico caldamente che faccia ogni sforzo d’arrivarvi, ancorché fusse qualche hora di notte, perché non si perda l’occasione et si riceva della sua persona et della gente che con lei viene per tal effetto il servitio che si pretende, animando li valloni che faccino il medesimo. Et Nostro Signore la conservi et prosperi come può. Di Bevre, a’ 30 di marzo 1585. Al servitio, Alessandro Farnese {<a Camillo> Capizucca}  [53v] All’Illustre Signor, il signor Camillo Capizucca, capitano d’infanteria italiana et governatore del tercio che fu del mastro di campo Mario Cardovini, per il Re mio Signore {30 marzo ’85}
AGR_Audience257-BIS_024;Farnese, Alessandro;Capizucchi, Mario;Lier;20/06/1583;AGR;Audience, 257/BIS;1;54;r;4;originale;0;1;1;1;1;[220,315];André Rocco;[54r] Sebene non era necessario ch’ella mi rendesse gratie della compagnia d’archibusieri a cavallo ch’io ho impiegato nel capitano Biagio suo fratello, potendosi ella promettere della mia buona voluntà, per lei et per tutta casa sua, ogni prontezza in avanzarla et proccurarle ogni benefitio et sodisfatione, mi è però stato gratissimo l’amorevole testimonio che mi dà giuntamente della continua affetione che porta alla persona mia, assicurandola che l’occasione et gl’effetti in quel che sarà in mia mano le potranno fare conoscere uguale correspondentia al desiderio che tengo di giovarle sempre. Con che me le offero et raccomando, et prego Nostro Signore che la conservi. Di Liera, a’ XX di giugno 1583. Al piacere vostro, Alessandro Farnese {a Mario Capozzuca} [55v] Al molto Magnifico Signore, il signor Mario Capozucca a Roma
AGR_Audience257-BIS_025;Farnese, Alessandro;Rossi, Troilo II de';Bruxelles;06/07/1587;AGR;Audience, 257/BIS;1;56;r;2;copia;0;1;0;0;1;[205,310];André Rocco;[56r] Copia Illustre Signore, Così come io vivo sicurissimo della buona volontà di Vostra Signoria verso di me et di tutta casa mia, havendola per tante prove conosciuta per uno de’ più amorevoli et affetionati d’essa, così deve anco lei tener per fermo che nella mente mia sia mai caduto, né sarà per cadere, altro pensiero, né che per qualsivoglia relatione che unquam mi potesse venir fatta, come d’effetto mai è accaduto, per la quale io potesse ambiguar del suo zelo, sia io per mutar la sincera opinione che della persona et attioni sue tengo
AGR_Audience257-BIS_026;Farnese, Alessandro;Capizucchi, Biagio;Eeklo;23/10/1583;AGR;Audience, 257/BIS;1;57;r;4;originale;0;1;1;1;1;[210,325];André Rocco;[57r] Molto Magnifico Signor, Per mano del capitano Lodrone ho ricevuto la vostra delli 8 del presente et veduto quanto contiene, et circa ’l vostro procedere et buon governo resto satisfattissimo. Ben mi rincresce del disordine che seguì fra voi et l’alfiere di Gravina, et poiché havete rimesso la causa ne’ superiori che costà tenete, non mi occorre dire altro, atteso che così conveniva, et mi persuado che per simile accidente non sia per succedere altro inconveniente, che così desidero che segua, et v’incarico a fare
AGR_Audience257-BIS_027;Farnese, Alessandro;Capizucchi, Biagio;Tournai;06/09/1584;AGR;Audience, 257/BIS;1;59;r;4;originale;0;1;1;1;1;[200,320];André Rocco;[59r] Molto Magnifico Signor, Nonostante che con altra mia vi habbia scritto et incaricato che con la vostra compagnia vi incamminassino a questa volta con la maggior diligentia possibile, m’occorre hora dirvi che vi congiunghiate con il restante della cavalleria borgognona che costì si trova, et con essa vi incamminiate per di qua, in conformità di come sarete avvisato da Giovanni Battista de’ Tassis, che così conviene al servitio di Sua Maestà, col quale m’assicuro vi conformarete, onde non m’istenderò più oltre. Nostro Signor vi prosperi et contenti. De Tournay, a’ 9 di giugno 1584. Vostro, Alessandro Farnese {a Biagio Capizucchi} [60v] Al molto Magnifico Signor, il signor Biagio Capizucchi, capitano d’archibusieri a cavallo per il Re mio Signore
AGR_Audience257-BIS_028;Farnese, Alessandro;Capizucchi, Biagio;Beveren;30/07/1584;AGR;Audience, 257/BIS;1;63;r;4;originale;0;1;1;1;1;[210,310];André Rocco;[63r] Molto Magnifico Signor, In conformità di quanto si è appuntato, proccurerete con tutta diligentia possibile che la gente passi tutta questo giorno, facendo incamminar le bagaglie d’essa alla volta di Liera, che perché siano ricevute vi si manda una lettera per il Lanzavecchia, che non doverrà mancare d’effettuarlo. Che per altro non è la presente. Nostro Signore vi conservi et guardi.  Di Bieveren, a’ 30 di luglio 1584. Al piacere vostro, Alessandro Farnese {a Biagio} [64v] Al molto Magnifico Signor Biagio Capizucca, capitano d’archibuseri a cavallo per il Re mio Signore 
AGR_Audience1398-6_001;Farnese, Alessandro;Sacchini, Camillo;Bruxelles;22/04/1587;AGR;Audience, 1398/6;0;1;r;4;copia;0;0;1;0;1;[205,320];Gianluca Valenti;[*1r] Copia. Molto Magnifico mio amatissimo,  Con la vostra del 13 del presente resto participato del bonificamento che andavi facendo a nostro costo di quel castello, et il termine a che havevi condotto la fortificacione di esso, di che mi comendo molto, com’anco della diligentia che usavi in tratenere li borgesi di quella terra et li paesani a cultivare i tereni, la quale andarete continuando con ogni acuratezza, essendo l’unico remedio della conservatione del paese, procurando d’amparar gli paesani che ne sieno travagliati da altre guarnigioni circonvicini, come di voi mi confido et mi prometto, atendendo sempre al’honore et reputatione, che sonno le virtù che fanno l’homo felice et beato. Quanto alla monitione, così di viveri come da guerra, si farà la provisione necessaria a suo tempo
